image_name,category_name,colors
BOLSANEGROUNI13812902_masked.jpg,Camisas,"[[175, 164, 160], [217, 215, 215], [134, 112, 105], [80, 56, 48]]"
CAMISASAZUL14035581_masked.jpg,Camisas,"[[106, 136, 173], [162, 196, 223], [77, 83, 101], [165, 130, 110]]"
CAMISASAZUL14035582_masked.jpg,Camisas,"[[116, 140, 171], [149, 122, 108], [174, 199, 221], [75, 75, 90]]"
CAMISASAZUL14035724_masked.jpg,Camisas,"[[182, 202, 239], [174, 165, 180], [140, 122, 126], [58, 53, 60]]"
CAMISASAZUL14036713_masked.jpg,Camisas,"[[112, 114, 137], [134, 101, 92], [67, 58, 62], [157, 155, 176]]"
CAMISASAZUL14036714_masked.jpg,Camisas,"[[112, 114, 137], [134, 101, 93], [67, 58, 63], [157, 155, 176]]"
CAMISASAZUL14052170_masked.jpg,Camisas,"[[207, 219, 236], [176, 173, 182], [120, 127, 141], [71, 70, 78]]"
CAMISASAZUL14052171_masked.jpg,Camisas,"[[208, 219, 237], [176, 174, 183], [121, 128, 141], [71, 71, 79]]"
CAMISASAZUL14563180_masked.jpg,Camisas,"[[73, 71, 80], [119, 117, 128], [218, 212, 211], [165, 166, 176]]"
CAMISASAZUL14563320_masked.jpg,Camisas,"[[174, 175, 184], [215, 223, 235], [70, 69, 75], [134, 127, 129]]"
CAMISASAZUL14563560_masked.jpg,Camisas,"[[125, 99, 100], [169, 147, 142], [72, 51, 63], [214, 200, 197]]"
CAMISASAZUL14847930_masked.jpg,Camisas,"[[163, 157, 170], [198, 201, 219], [130, 116, 117], [75, 66, 65]]"
CAMISASBLANCO14051940_masked.jpg,Camisas,"[[178, 148, 144], [212, 195, 202], [125, 106, 106], [66, 64, 76]]"
CAMISASBLANCO14051941_masked.jpg,Camisas,"[[154, 125, 121], [193, 168, 171], [77, 74, 84], [226, 211, 219]]"
CAMISASBLANCO14318580_masked.jpg,Camisas,"[[236, 236, 236], [198, 190, 186], [156, 133, 123], [75, 63, 60]]"
CAMISASBLANCO14318581_masked.jpg,Camisas,"[[243, 242, 244], [201, 181, 172], [159, 127, 110], [94, 72, 63]]"
CAMISASBLANCO14562950_masked.jpg,Camisas,"[[220, 218, 224], [186, 176, 174], [142, 122, 113], [82, 71, 68]]"
CAMISASBLANCO14793550_masked.jpg,Camisas,"[[192, 191, 192], [230, 232, 235], [145, 131, 126], [91, 77, 71]]"
CAMISASBLANCO14793551_masked.jpg,Camisas,"[[173, 165, 164], [130, 122, 123], [75, 70, 75], [209, 209, 211]]"
CAMISASMULTICOLOR14792940_masked.jpg,Camisas,"[[138, 87, 101], [85, 42, 65], [198, 161, 143], [81, 87, 140]]"
CAMISASMULTICOLOR14793171_masked.jpg,Camisas,"[[169, 159, 161], [124, 116, 120], [56, 58, 74], [186, 211, 224]]"
CAMISASMULTICOLOR14802380_masked.jpg,Camisas,"[[116, 114, 109], [151, 149, 140], [60, 67, 77], [198, 196, 184]]"
CAMISASMULTICOLORFERRATO15008750_masked.jpg,Camisas,"[[189, 157, 195], [215, 198, 227], [153, 109, 147], [91, 49, 89]]"
CAMISASNEGROFERRATOBOYS14603910_masked.jpg,Camisas,"[[37, 50, 73], [87, 87, 96], [43, 78, 141], [191, 164, 141]]"
CAMISASNEGROFERRATOBOYS14603911_masked.jpg,Camisas,"[[37, 50, 73], [87, 87, 96], [43, 78, 141], [191, 164, 141]]"
CAMISASVERDE14038791_masked.jpg,Camisas,"[[190, 137, 116], [205, 183, 169], [215, 219, 213], [108, 83, 81]]"
CAMISASVERDE14038792_masked.jpg,Camisas,"[[199, 196, 190], [150, 143, 147], [92, 91, 103], [196, 143, 122]]"
CAMISASVERDE14038794_masked.jpg,Camisas,"[[190, 136, 115], [205, 182, 167], [214, 218, 212], [108, 83, 81]]"
CAMISASVINO14035341_masked.jpg,Camisas,"[[179, 125, 127], [137, 87, 86], [86, 51, 48], [220, 174, 178]]"
CAMISASVINO14035342_masked.jpg,Camisas,"[[113, 73, 72], [79, 54, 54], [150, 102, 101], [193, 141, 145]]"
CAMISASVINO14035343_masked.jpg,Camisas,"[[178, 124, 126], [136, 86, 85], [85, 50, 48], [220, 173, 177]]"
CAMISASVINO14562710_masked.jpg,Camisas,"[[82, 41, 55], [119, 83, 76], [168, 129, 113], [221, 181, 158]]"
BOLSACAFE1451771UNI2_masked.jpg,Carteras,"[[56, 45, 39], [54, 43, 38], [52, 40, 35], [80, 67, 57]]"
BOLSACAFEUNI13431510_masked.jpg,Carteras,"[[71, 39, 36], [74, 42, 40], [65, 35, 34], [57, 32, 32]]"
BOLSACAFEUNI13431511_masked.jpg,Carteras,"[[71, 39, 36], [74, 42, 39], [65, 35, 34], [57, 32, 32]]"
BOLSACAFEUNI13431512_masked.jpg,Carteras,"[[63, 35, 35], [62, 32, 33], [65, 38, 39], [55, 30, 30]]"
BOLSACAFEUNI13431515_masked.jpg,Carteras,"[[71, 39, 36], [74, 42, 39], [65, 35, 34], [57, 32, 32]]"
BOLSACAFEUNI13431516_masked.jpg,Carteras,"[[70, 38, 35], [73, 41, 38], [60, 33, 32], [115, 88, 78]]"
BOLSANEGRO1451733UNI_masked.jpg,Carteras,"[[62, 61, 58], [107, 107, 104], [234, 233, 231], [170, 169, 167]]"
BOLSANEGROUNI13812900_masked.jpg,Carteras,"[[53, 51, 56], [66, 65, 71], [82, 80, 86], [205, 205, 206]]"
BOLSANEGROUNI13812901_masked.jpg,Carteras,"[[52, 51, 56], [66, 64, 70], [80, 79, 84], [204, 204, 205]]"
BOLSANEGROUNI13812905_masked.jpg,Carteras,"[[52, 51, 56], [66, 64, 70], [80, 79, 84], [204, 204, 205]]"
CARTERANEGRO1498677UNI_masked.jpg,Carteras,"[[62, 60, 60], [101, 100, 101], [236, 236, 237], [173, 173, 174]]"
CAMISASAZUL13882511_masked.jpg,Chalecos y sacos,"[[185, 165, 156], [148, 119, 106], [222, 217, 215], [99, 76, 69]]"
CHALECOSMULTICOLOR14718780_masked.jpg,Chalecos y sacos,"[[111, 87, 86], [71, 51, 58], [57, 62, 92], [168, 139, 127]]"
CHALECOSNEGRO14318720_masked.jpg,Chalecos y sacos,"[[67, 69, 89], [183, 139, 127], [108, 139, 173], [201, 206, 216]]"
CHALECOSNEGRO14318721_masked.jpg,Chalecos y sacos,"[[108, 114, 130], [66, 65, 77], [184, 153, 146], [192, 205, 219]]"
CHALECOSNEGRO14318722_masked.jpg,Chalecos y sacos,"[[67, 69, 89], [183, 139, 127], [108, 139, 173], [201, 206, 216]]"
CHALECOSNEGRO14318724_masked.jpg,Chalecos y sacos,"[[124, 116, 123], [66, 67, 80], [211, 183, 175], [131, 164, 197]]"
CHALECOSNEGRO14318726_masked.jpg,Chalecos y sacos,"[[108, 114, 130], [66, 65, 77], [184, 153, 146], [192, 205, 219]]"
PUMAESSENTIALSPADDEDVESTNEGRO14848780_masked.jpg,Chalecos y sacos,"[[68, 68, 68], [106, 106, 106], [145, 145, 145], [189, 189, 189]]"
CINTURONCAFE14109521_masked.jpg,Cinturones,"[[85, 68, 65], [61, 45, 42], [110, 97, 93], [180, 164, 150]]"
CINTURONCAFE14486960_masked.jpg,Cinturones,"[[93, 65, 48], [117, 93, 76], [70, 42, 27], [187, 174, 159]]"
CINTURONCAFE14487330_masked.jpg,Cinturones,"[[82, 65, 68], [103, 82, 82], [60, 47, 52], [144, 130, 129]]"
CINTURONCAFE14487331_masked.jpg,Cinturones,"[[82, 65, 68], [103, 82, 82], [60, 47, 52], [144, 130, 129]]"
CINTURONCAFE14488320_masked.jpg,Cinturones,"[[99, 77, 67], [117, 98, 89], [68, 47, 38], [187, 179, 171]]"
CINTURONCAFE14876190_masked.jpg,Cinturones,"[[83, 69, 62], [68, 55, 47], [118, 108, 101], [203, 198, 190]]"
CINTURONCINTURONHOMBRE13232760_masked.jpg,Cinturones,"[[69, 53, 52], [79, 61, 61], [102, 80, 79], [191, 164, 158]]"
CINTURONCINTURONHOMBRE13233750_masked.jpg,Cinturones,"[[52, 49, 52], [56, 54, 58], [63, 63, 69], [158, 147, 133]]"
CINTURONCINTURONHOMBRE13986700_masked.jpg,Cinturones,"[[55, 55, 54], [75, 74, 72], [113, 108, 103], [194, 178, 164]]"
CINTURONCINTURONHOMBRE13986701_masked.jpg,Cinturones,"[[112, 108, 113], [70, 68, 73], [168, 158, 159], [240, 237, 238]]"
CINTURONCOGNAC14487190_masked.jpg,Cinturones,"[[70, 59, 56], [84, 74, 72], [105, 94, 92], [179, 174, 170]]"
CINTURONNEGRO13437170_masked.jpg,Cinturones,"[[62, 61, 63], [83, 81, 82], [106, 104, 105], [216, 214, 212]]"
CINTURONNEGRO13437172_masked.jpg,Cinturones,"[[62, 61, 63], [83, 81, 82], [106, 104, 105], [216, 214, 212]]"
CINTURONNEGRO13437174_masked.jpg,Cinturones,"[[67, 66, 68], [99, 97, 97], [55, 53, 56], [206, 205, 203]]"
CINTURONNEGRO14487950_masked.jpg,Cinturones,"[[61, 59, 58], [93, 91, 86], [131, 127, 120], [200, 195, 184]]"
CINTURONNEGRO14487951_masked.jpg,Cinturones,"[[61, 59, 58], [94, 91, 86], [132, 129, 121], [200, 195, 184]]"
CINTURONNEGRO14488180_masked.jpg,Cinturones,"[[58, 55, 55], [81, 78, 79], [121, 117, 116], [244, 244, 244]]"
CINTURONNEGRO14488181_masked.jpg,Cinturones,"[[58, 55, 56], [82, 79, 79], [121, 117, 116], [244, 244, 244]]"
ESTUCHEDELENTESUNI14114920_masked.jpg,Lentes,"[[222, 222, 222], [174, 186, 187], [78, 158, 179], [135, 131, 129]]"
ESTUCHEDELENTESUNI14114924_masked.jpg,Lentes,"[[222, 222, 222], [174, 186, 187], [78, 158, 179], [136, 131, 129]]"
ESTUCHEDELENTESUNI14114926_masked.jpg,Lentes,"[[222, 222, 222], [174, 186, 187], [77, 158, 179], [135, 131, 129]]"
LENTESDESOLUNI13971300_masked.jpg,Lentes,"[[212, 131, 61], [231, 150, 70], [175, 104, 48], [111, 65, 27]]"
LENTESDESOLUNI13971302_masked.jpg,Lentes,"[[217, 135, 63], [178, 106, 49], [243, 165, 81], [113, 66, 28]]"
LENTESDESOLUNI13971541_masked.jpg,Lentes,"[[222, 115, 48], [195, 104, 47], [161, 88, 46], [89, 61, 41]]"
LENTESDESOLUNI13971542_masked.jpg,Lentes,"[[222, 115, 48], [195, 104, 47], [161, 88, 46], [90, 61, 41]]"
LENTESDESOLUNI14360750_masked.jpg,Lentes,"[[106, 106, 78], [90, 87, 65], [127, 126, 104], [192, 181, 156]]"
LENTESDESOLUNI14360752_masked.jpg,Lentes,"[[106, 106, 78], [90, 87, 65], [127, 126, 105], [192, 181, 156]]"
LENTESDESOLUNI14361360_masked.jpg,Lentes,"[[71, 77, 81], [52, 55, 59], [97, 101, 106], [158, 161, 165]]"
LENTESDESOLUNI14361361_masked.jpg,Lentes,"[[71, 77, 81], [52, 55, 59], [97, 101, 106], [158, 161, 165]]"
LENTESDESOLUNI14361364_masked.jpg,Lentes,"[[71, 77, 81], [52, 55, 59], [97, 101, 106], [158, 161, 165]]"
LENTESDESOLUNI14361365_masked.jpg,Lentes,"[[71, 77, 81], [52, 55, 59], [98, 102, 107], [159, 162, 166]]"
LENTESDESOLUNI14442920_masked.jpg,Lentes,"[[124, 127, 140], [95, 99, 117], [56, 61, 84], [186, 187, 190]]"
LENTESDESOLUNI14444521_masked.jpg,Lentes,"[[209, 198, 173], [155, 145, 126], [185, 174, 149], [97, 89, 75]]"
LENTESDESOLUNI14444523_masked.jpg,Lentes,"[[200, 189, 162], [160, 149, 129], [100, 92, 78], [233, 230, 221]]"
LENTESDESOLUNI14444525_masked.jpg,Lentes,"[[200, 189, 162], [160, 149, 129], [100, 92, 78], [234, 230, 221]]"
LENTESDESOLUNI14444526_masked.jpg,Lentes,"[[210, 200, 175], [156, 146, 126], [188, 177, 152], [98, 90, 76]]"
LENTESDESOLUNI14444527_masked.jpg,Lentes,"[[209, 198, 173], [155, 145, 126], [185, 174, 149], [97, 89, 75]]"
LENTESDESOLUNI14455340_masked.jpg,Lentes,"[[168, 156, 58], [139, 129, 54], [217, 206, 86], [82, 70, 25]]"
LENTESDESOLUNI14525320_masked.jpg,Lentes,"[[12, 203, 242], [13, 134, 188], [25, 69, 114], [182, 191, 199]]"
LENTESDESOLUNI14525561_masked.jpg,Lentes,"[[98, 80, 75], [136, 121, 111], [75, 47, 48], [177, 169, 155]]"
LENTESDESOLUNI14527782_masked.jpg,Lentes,"[[150, 153, 164], [136, 139, 149], [112, 114, 121], [77, 77, 82]]"
LENTESDESOLUNI14528150_masked.jpg,Lentes,"[[116, 101, 115], [91, 81, 97], [156, 136, 151], [60, 53, 67]]"
LENTESDESOLUNI14528151_masked.jpg,Lentes,"[[104, 93, 108], [70, 63, 79], [159, 140, 155], [137, 114, 124]]"
LENTESDESOLUNI14528390_masked.jpg,Lentes,"[[50, 112, 115], [54, 128, 133], [54, 78, 74], [135, 181, 132]]"
LENTESDESOLUNI14528530_masked.jpg,Lentes,"[[129, 167, 219], [82, 121, 179], [41, 79, 137], [248, 250, 251]]"
LENTESDESOLUNI14910740_masked.jpg,Lentes,"[[177, 150, 6], [142, 139, 22], [112, 108, 25], [68, 71, 27]]"
VISTACANSADAUNI12266380_masked.jpg,Lentes,"[[181, 196, 206], [141, 161, 176], [43, 80, 109], [252, 253, 253]]"
VISTACANSADAUNI12266383_masked.jpg,Lentes,"[[181, 196, 206], [141, 161, 176], [43, 80, 109], [252, 253, 253]]"
VISTACANSADAUNI12266520_masked.jpg,Lentes,"[[181, 196, 206], [141, 161, 176], [43, 80, 109], [252, 253, 253]]"
VISTACANSADAUNI12266522_masked.jpg,Lentes,"[[151, 131, 116], [104, 88, 76], [220, 216, 220], [182, 169, 164]]"
VISTACANSADAUNI12266523_masked.jpg,Lentes,"[[181, 196, 206], [141, 161, 176], [43, 80, 109], [252, 253, 253]]"
VISTACANSADAUNI12266761_masked.jpg,Lentes,"[[96, 94, 100], [138, 133, 135], [218, 215, 215], [40, 50, 65]]"
VISTACANSADAUNI12266762_masked.jpg,Lentes,"[[151, 130, 115], [103, 88, 75], [219, 216, 219], [181, 167, 161]]"
VISTACANSADAUNI12266763_masked.jpg,Lentes,"[[181, 196, 206], [141, 161, 176], [43, 80, 109], [252, 253, 253]]"
VISTACANSADAUNI12266764_masked.jpg,Lentes,"[[182, 196, 206], [142, 161, 177], [43, 80, 109], [252, 253, 253]]"
VISTACANSADAUNI12266765_masked.jpg,Lentes,"[[181, 196, 206], [141, 161, 176], [43, 80, 109], [252, 253, 253]]"
VISTACANSADAUNI12266901_masked.jpg,Lentes,"[[116, 113, 117], [48, 56, 68], [225, 223, 223], [180, 175, 175]]"
VISTACANSADAUNI12266904_masked.jpg,Lentes,"[[182, 196, 206], [141, 161, 177], [43, 80, 109], [252, 253, 253]]"
ADIDASLINCLASBPDAYNEGROUNI14327324_masked.jpg,Mochilas,"[[55, 52, 53], [228, 226, 234], [180, 178, 187], [113, 111, 116]]"
ADIDASLINCLASBPDAYNEGROUNI14327326_masked.jpg,Mochilas,"[[55, 52, 53], [229, 227, 235], [186, 185, 195], [118, 115, 120]]"
ADIDASLINCLASBPDAYROJOUNI14984170_masked.jpg,Mochilas,"[[199, 34, 34], [120, 21, 21], [170, 28, 29], [238, 205, 209]]"
BOLSAAZULFERRATOUNI14247510_masked.jpg,Mochilas,"[[53, 73, 84], [40, 57, 67], [73, 95, 109], [95, 119, 134]]"
BOLSAAZULUNI13505311_masked.jpg,Mochilas,"[[70, 77, 81], [64, 94, 123], [117, 122, 119], [19, 122, 233]]"
BOLSAAZULUNI14245150_masked.jpg,Mochilas,"[[49, 50, 65], [65, 78, 100], [123, 120, 113], [209, 200, 164]]"
BOLSAAZULUNI14245151_masked.jpg,Mochilas,"[[53, 55, 64], [31, 45, 74], [47, 77, 122], [115, 119, 131]]"
BOLSAAZULUNI14245152_masked.jpg,Mochilas,"[[53, 55, 64], [31, 45, 74], [47, 77, 122], [115, 120, 131]]"
BOLSAAZULUNI14245153_masked.jpg,Mochilas,"[[53, 55, 64], [31, 45, 74], [47, 77, 122], [115, 120, 131]]"
BOLSAAZULUNI14246900_masked.jpg,Mochilas,"[[73, 82, 103], [92, 102, 122], [50, 58, 77], [146, 81, 65]]"
BOLSACAFEUNI14243313_masked.jpg,Mochilas,"[[60, 54, 53], [80, 66, 64], [106, 90, 86], [178, 168, 164]]"
BOLSACAFEUNI14243314_masked.jpg,Mochilas,"[[60, 54, 53], [80, 67, 65], [107, 91, 87], [223, 221, 221]]"
BOLSANEGROUNI12751790_masked.jpg,Mochilas,"[[56, 51, 54], [72, 66, 71], [244, 244, 244], [144, 144, 145]]"
BOLSANEGROUNI12751794_masked.jpg,Mochilas,"[[55, 50, 54], [71, 65, 70], [244, 244, 244], [144, 143, 144]]"
BOLSANEGROUNI14255500_masked.jpg,Mochilas,"[[64, 46, 55], [133, 28, 39], [86, 17, 25], [210, 184, 157]]"
BOLSANEGROUNI14255501_masked.jpg,Mochilas,"[[64, 46, 55], [133, 28, 39], [86, 17, 25], [210, 184, 157]]"
BOLSANEGROUNI14255503_masked.jpg,Mochilas,"[[64, 46, 55], [133, 29, 39], [87, 17, 25], [210, 185, 157]]"
BOLSANEGROUNI14255506_masked.jpg,Mochilas,"[[64, 46, 55], [133, 29, 39], [87, 17, 25], [210, 185, 157]]"
BOLSANEGROUNI14255507_masked.jpg,Mochilas,"[[64, 46, 55], [133, 29, 39], [87, 17, 25], [210, 185, 157]]"
BOLSANEGROUNI14593570_masked.jpg,Mochilas,"[[58, 59, 56], [81, 86, 75], [219, 237, 186], [142, 154, 122]]"
BOLSANEGROUNI14775971_masked.jpg,Mochilas,"[[66, 60, 57], [123, 116, 109], [218, 208, 193], [252, 252, 250]]"
MOCHILAAZULMARINOUNI13720520_masked.jpg,Mochilas,"[[30, 39, 57], [38, 48, 67], [50, 60, 79], [156, 131, 139]]"
MOCHILAAZULMARINOUNI14326710_masked.jpg,Mochilas,"[[49, 51, 69], [37, 39, 58], [61, 63, 83], [220, 223, 228]]"
MOCHILAAZULMARINOUNI14326711_masked.jpg,Mochilas,"[[52, 54, 72], [39, 41, 59], [225, 228, 233], [133, 134, 142]]"
MOCHILAAZULMARINOUNI14326713_masked.jpg,Mochilas,"[[41, 44, 61], [54, 56, 75], [225, 228, 233], [135, 136, 144]]"
MOCHILAAZULMARINOUNI14326715_masked.jpg,Mochilas,"[[49, 51, 69], [38, 40, 58], [63, 65, 85], [220, 223, 228]]"
MOCHILAAZULMARINOUNI14708190_masked.jpg,Mochilas,"[[127, 121, 126], [56, 58, 72], [89, 88, 98], [239, 237, 238]]"
MOCHILAAZULMARINOUNI14708192_masked.jpg,Mochilas,"[[127, 121, 126], [56, 58, 72], [89, 88, 98], [239, 237, 238]]"
MOCHILAAZULUNI10669131_masked.jpg,Mochilas,"[[105, 57, 51], [46, 45, 59], [234, 107, 69], [168, 73, 52]]"
MOCHILAAZULUNI10669134_masked.jpg,Mochilas,"[[105, 57, 51], [46, 45, 59], [234, 107, 69], [168, 73, 52]]"
MOCHILAGRISUNI14326950_masked.jpg,Mochilas,"[[159, 148, 149], [116, 110, 112], [74, 69, 70], [244, 240, 240]]"
MOCHILAGRISUNI14326952_masked.jpg,Mochilas,"[[159, 148, 149], [115, 109, 111], [73, 68, 69], [244, 240, 240]]"
MOCHILAGRISUNI14326953_masked.jpg,Mochilas,"[[159, 148, 149], [115, 109, 111], [73, 68, 69], [244, 240, 240]]"
MOCHILAGRISUNI14326957_masked.jpg,Mochilas,"[[159, 148, 149], [116, 110, 112], [74, 69, 70], [244, 240, 240]]"
MOCHILAGRISUNI14707960_masked.jpg,Mochilas,"[[69, 67, 72], [56, 53, 60], [108, 105, 109], [164, 162, 164]]"
MOCHILANEGROUNI13720380_masked.jpg,Mochilas,"[[51, 51, 52], [62, 60, 61], [127, 102, 109], [175, 151, 159]]"
MOCHILANEGROUNI14319710_masked.jpg,Mochilas,"[[61, 55, 61], [96, 94, 94], [162, 13, 55], [188, 184, 178]]"
MOCHILANEGROUNI14319711_masked.jpg,Mochilas,"[[61, 54, 61], [95, 92, 93], [162, 13, 55], [186, 182, 176]]"
MOCHILANEGROUNI14319713_masked.jpg,Mochilas,"[[61, 54, 61], [95, 92, 93], [162, 13, 55], [186, 182, 176]]"
MOCHILANEGROUNI14319714_masked.jpg,Mochilas,"[[63, 58, 64], [109, 106, 104], [162, 13, 54], [196, 192, 186]]"
MOCHILANEGROUNI14327181_masked.jpg,Mochilas,"[[44, 46, 59], [237, 237, 238], [100, 99, 103], [169, 169, 172]]"
MOCHILANEGROUNI14327182_masked.jpg,Mochilas,"[[44, 46, 59], [237, 237, 238], [100, 99, 103], [169, 169, 172]]"
MOCHILANEGROUNI14327185_masked.jpg,Mochilas,"[[43, 45, 59], [237, 237, 238], [95, 94, 98], [165, 164, 167]]"
MOCHILANEGROUNI14327186_masked.jpg,Mochilas,"[[44, 46, 59], [237, 237, 238], [100, 99, 103], [169, 169, 172]]"
MOCHILANEGROUNI14327187_masked.jpg,Mochilas,"[[43, 45, 59], [237, 237, 238], [95, 94, 98], [165, 164, 167]]"
MOCHILANEGROUNI14332960_masked.jpg,Mochilas,"[[48, 46, 53], [58, 56, 63], [83, 81, 87], [142, 141, 147]]"
MOCHILANEGROUNI14332961_masked.jpg,Mochilas,"[[48, 46, 53], [58, 56, 63], [83, 81, 87], [144, 143, 148]]"
MOCHILANEGROUNI14332965_masked.jpg,Mochilas,"[[48, 46, 53], [58, 56, 63], [83, 81, 87], [144, 143, 148]]"
MOCHILANEGROUNI14332966_masked.jpg,Mochilas,"[[48, 46, 53], [57, 56, 63], [83, 81, 87], [144, 143, 148]]"
MOCHILANEGROUNI14332967_masked.jpg,Mochilas,"[[48, 46, 53], [57, 56, 63], [83, 81, 87], [144, 143, 148]]"
MOCHILANEGROUNI14985780_masked.jpg,Mochilas,"[[52, 52, 55], [218, 219, 222], [92, 92, 96], [156, 157, 160]]"
MOCHILAROSAUNI14292990_masked.jpg,Mochilas,"[[233, 146, 158], [240, 113, 127], [187, 96, 107], [91, 64, 75]]"
MOCHILAROSAUNI14292991_masked.jpg,Mochilas,"[[241, 143, 155], [221, 95, 109], [188, 137, 146], [108, 67, 77]]"
MOCHILAROSAUNI14292993_masked.jpg,Mochilas,"[[241, 143, 156], [222, 96, 109], [188, 137, 146], [110, 67, 77]]"
MOCHILAROSAUNI14292994_masked.jpg,Mochilas,"[[241, 145, 158], [233, 107, 120], [188, 138, 146], [158, 70, 82]]"
MOCHILAROSAUNI14292995_masked.jpg,Mochilas,"[[241, 143, 155], [221, 95, 109], [188, 137, 146], [108, 67, 77]]"
MOCHILAROSAUNI14292996_masked.jpg,Mochilas,"[[241, 145, 158], [233, 107, 120], [188, 138, 146], [158, 71, 82]]"
PUMAPHASEBACKPACKNEGROUNI14214391_masked.jpg,Mochilas,"[[64, 65, 65], [106, 106, 107], [146, 146, 145], [232, 232, 234]]"
PUMAPHASEBACKPACKNEGROUNI14214395_masked.jpg,Mochilas,"[[64, 65, 65], [106, 106, 107], [146, 146, 145], [232, 232, 234]]"
REEBOKACTCOREBKPSNEGROUNI14472310_masked.jpg,Mochilas,"[[55, 54, 59], [71, 69, 75], [228, 228, 228], [121, 121, 125]]"
REEBOKACTCOREBKPSNEGROUNI14472311_masked.jpg,Mochilas,"[[56, 54, 60], [74, 73, 78], [228, 229, 229], [144, 144, 147]]"
REEBOKACTCOREBKPSNEGROUNI14472313_masked.jpg,Mochilas,"[[55, 54, 60], [72, 71, 76], [228, 228, 228], [122, 123, 126]]"
REEBOKACTCOREBKPSNEGROUNI14472315_masked.jpg,Mochilas,"[[55, 54, 59], [71, 69, 75], [228, 228, 228], [121, 121, 125]]"
ACTIVETRICOTPANTSCLNEGRO14701780_masked.jpg,Pantalones,"[[60, 58, 59], [241, 240, 240], [190, 188, 188], [127, 125, 125]]"
JEANSAZUL14567140_masked.jpg,Pantalones,"[[60, 66, 77], [101, 103, 112], [181, 160, 145], [228, 219, 212]]"
JEANSAZUL14718301_masked.jpg,Pantalones,"[[91, 81, 98], [69, 60, 76], [37, 38, 63], [172, 144, 144]]"
JEANSAZUL14801532_masked.jpg,Pantalones,"[[27, 37, 57], [33, 46, 70], [49, 52, 61], [106, 103, 110]]"
JEANSAZUL14801771_masked.jpg,Pantalones,"[[70, 75, 96], [188, 183, 185], [128, 117, 121], [227, 226, 228]]"
JEANSAZUL14801910_masked.jpg,Pantalones,"[[44, 48, 68], [89, 69, 63], [150, 115, 98], [228, 229, 234]]"
JEANSAZUL14801911_masked.jpg,Pantalones,"[[58, 54, 65], [109, 94, 94], [167, 151, 146], [218, 214, 217]]"
JEANSNEGRO14564171_masked.jpg,Pantalones,"[[69, 67, 67], [120, 117, 115], [181, 169, 158], [227, 226, 224]]"
NEGRO14679320_masked.jpg,Pantalones,"[[81, 81, 81], [61, 61, 61], [120, 120, 120], [202, 202, 202]]"
NEGRO14679321_masked.jpg,Pantalones,"[[81, 81, 81], [61, 61, 61], [120, 120, 120], [202, 202, 202]]"
NEGRO14679323_masked.jpg,Pantalones,"[[81, 81, 81], [61, 61, 61], [120, 120, 120], [202, 202, 202]]"
PANTALONAZUL13889300_masked.jpg,Pantalones,"[[46, 48, 63], [95, 96, 107], [236, 234, 234], [175, 164, 162]]"
PANTALONAZUL13894180_masked.jpg,Pantalones,"[[42, 61, 87], [78, 91, 109], [105, 64, 51], [134, 136, 148]]"
PANTALONAZUL13894181_masked.jpg,Pantalones,"[[42, 61, 87], [78, 91, 109], [105, 64, 51], [134, 136, 148]]"
PANTALONAZUL13894183_masked.jpg,Pantalones,"[[51, 63, 81], [158, 126, 111], [109, 91, 86], [214, 168, 144]]"
PANTALONAZUL13894186_masked.jpg,Pantalones,"[[42, 61, 87], [77, 90, 109], [105, 64, 51], [133, 136, 148]]"
PANTALONAZUL13894187_masked.jpg,Pantalones,"[[42, 61, 87], [78, 91, 109], [105, 64, 51], [134, 136, 148]]"
PANTALONAZUL13932550_masked.jpg,Pantalones,"[[46, 52, 66], [177, 155, 146], [115, 97, 103], [225, 224, 230]]"
PANTALONAZUL13932551_masked.jpg,Pantalones,"[[35, 55, 74], [163, 147, 149], [226, 182, 170], [82, 95, 114]]"
PANTALONAZUL13932552_masked.jpg,Pantalones,"[[165, 148, 148], [48, 62, 78], [99, 99, 110], [216, 182, 174]]"
PANTALONAZUL13932555_masked.jpg,Pantalones,"[[35, 55, 74], [163, 147, 149], [226, 182, 170], [82, 95, 114]]"
PANTALONAZUL13932556_masked.jpg,Pantalones,"[[35, 54, 74], [163, 147, 149], [226, 182, 170], [82, 95, 114]]"
PANTALONAZUL14046780_masked.jpg,Pantalones,"[[43, 52, 70], [60, 73, 96], [100, 108, 124], [183, 152, 135]]"
PANTALONAZUL14046781_masked.jpg,Pantalones,"[[46, 69, 96], [76, 99, 125], [145, 130, 132], [213, 214, 218]]"
PANTALONAZUL14046782_masked.jpg,Pantalones,"[[40, 66, 95], [81, 100, 124], [155, 167, 179], [219, 221, 223]]"
PANTALONAZUL14046786_masked.jpg,Pantalones,"[[49, 73, 105], [91, 108, 134], [182, 160, 155], [234, 234, 235]]"
PANTALONAZUL14051561_masked.jpg,Pantalones,"[[124, 142, 165], [86, 109, 139], [65, 87, 116], [208, 210, 212]]"
PANTALONAZUL14051562_masked.jpg,Pantalones,"[[193, 161, 146], [136, 144, 158], [225, 223, 223], [86, 94, 109]]"
PANTALONAZUL14051566_masked.jpg,Pantalones,"[[77, 100, 129], [117, 137, 161], [173, 178, 187], [225, 225, 226]]"
PANTALONAZUL14563940_masked.jpg,Pantalones,"[[40, 57, 79], [76, 89, 105], [156, 148, 142], [229, 223, 217]]"
PANTALONAZUL14796760_masked.jpg,Pantalones,"[[39, 44, 68], [122, 96, 84], [78, 69, 73], [167, 138, 122]]"
PANTALONAZUL14797752_masked.jpg,Pantalones,"[[52, 99, 175], [37, 85, 171], [31, 70, 140], [22, 46, 91]]"
PANTALONAZULMARINO13915100_masked.jpg,Pantalones,"[[39, 43, 54], [68, 61, 65], [106, 92, 88], [200, 171, 150]]"
PANTALONAZULMARINO13915101_masked.jpg,Pantalones,"[[43, 46, 56], [88, 77, 77], [136, 117, 104], [208, 178, 157]]"
PANTALONAZULMARINO13915105_masked.jpg,Pantalones,"[[44, 46, 56], [88, 77, 77], [136, 117, 104], [208, 177, 157]]"
PANTALONAZULMARINO13915106_masked.jpg,Pantalones,"[[43, 46, 56], [88, 77, 77], [136, 117, 104], [208, 178, 157]]"
PANTALONAZULMARINO13915107_masked.jpg,Pantalones,"[[43, 46, 56], [88, 76, 77], [136, 117, 104], [208, 178, 157]]"
PANTALONAZULMARINO14101982_masked.jpg,Pantalones,"[[32, 38, 56], [37, 44, 66], [42, 51, 78], [166, 167, 168]]"
PANTALONAZULMARINO14101983_masked.jpg,Pantalones,"[[33, 38, 56], [37, 44, 66], [43, 51, 78], [166, 167, 169]]"
PANTALONAZULMARINO14101985_masked.jpg,Pantalones,"[[33, 38, 56], [37, 44, 66], [43, 51, 78], [166, 167, 168]]"
PANTALONAZULMARINO14101986_masked.jpg,Pantalones,"[[32, 38, 56], [37, 44, 66], [42, 51, 78], [166, 167, 168]]"
PANTALONAZULMARINO14101987_masked.jpg,Pantalones,"[[32, 38, 56], [37, 44, 66], [42, 51, 78], [166, 167, 168]]"
PANTALONAZULMARINO14320770_masked.jpg,Pantalones,"[[36, 45, 68], [53, 63, 89], [83, 92, 115], [225, 226, 231]]"
PANTALONAZULMARINO14320771_masked.jpg,Pantalones,"[[36, 45, 68], [54, 63, 90], [84, 92, 115], [225, 226, 231]]"
PANTALONAZULMARINO14320772_masked.jpg,Pantalones,"[[36, 45, 68], [53, 63, 89], [83, 92, 115], [225, 226, 231]]"
PANTALONAZULMARINO14320773_masked.jpg,Pantalones,"[[36, 45, 68], [53, 63, 89], [83, 92, 115], [225, 226, 231]]"
PANTALONAZULMARINO14320774_masked.jpg,Pantalones,"[[36, 45, 68], [54, 63, 89], [84, 92, 115], [225, 226, 231]]"
PANTALONAZULMARINO14434314_masked.jpg,Pantalones,"[[34, 33, 60], [73, 69, 83], [202, 205, 179], [137, 129, 134]]"
PANTALONAZULMARINO14434317_masked.jpg,Pantalones,"[[35, 34, 61], [88, 84, 96], [175, 161, 161], [213, 233, 185]]"
PANTALONAZULMARINO14988130_masked.jpg,Pantalones,"[[73, 82, 105], [86, 93, 112], [61, 69, 91], [101, 109, 127]]"
PANTALONCAFE14310701_masked.jpg,Pantalones,"[[144, 116, 90], [122, 97, 77], [75, 55, 54], [181, 163, 153]]"
PANTALONCAFE14310703_masked.jpg,Pantalones,"[[134, 108, 84], [152, 124, 98], [88, 66, 61], [188, 170, 159]]"
PANTALONCAFE14310704_masked.jpg,Pantalones,"[[145, 117, 91], [124, 99, 79], [77, 56, 55], [181, 163, 154]]"
PANTALONFERRATO15006530_masked.jpg,Pantalones,"[[68, 65, 53], [94, 82, 65], [147, 115, 98], [201, 186, 179]]"
PANTALONGRIS13806510_masked.jpg,Pantalones,"[[88, 93, 104], [56, 60, 69], [72, 77, 87], [114, 119, 130]]"
PANTALONGRIS13806516_masked.jpg,Pantalones,"[[88, 93, 104], [56, 60, 69], [72, 77, 87], [113, 119, 130]]"
PANTALONGRIS13806517_masked.jpg,Pantalones,"[[79, 84, 94], [58, 62, 72], [93, 98, 109], [120, 125, 136]]"
PANTALONGRIS14675360_masked.jpg,Pantalones,"[[51, 49, 55], [60, 58, 64], [118, 116, 122], [198, 197, 201]]"
PANTALONGRIS14718541_masked.jpg,Pantalones,"[[157, 152, 151], [74, 72, 72], [118, 111, 108], [217, 217, 218]]"
PANTALONGRIS14718542_masked.jpg,Pantalones,"[[75, 75, 78], [63, 63, 65], [54, 54, 56], [141, 140, 147]]"
PANTALONGRIS14795150_masked.jpg,Pantalones,"[[175, 173, 179], [154, 135, 131], [207, 207, 213], [114, 91, 84]]"
PANTALONGRIS14795151_masked.jpg,Pantalones,"[[187, 181, 183], [221, 217, 218], [154, 140, 136], [95, 80, 77]]"
PANTALONGRIS14880360_masked.jpg,Pantalones,"[[126, 124, 123], [141, 140, 140], [117, 116, 115], [106, 105, 104]]"
PANTALONNEGRO13382180_masked.jpg,Pantalones,"[[54, 55, 56], [90, 90, 92], [144, 144, 145], [235, 235, 235]]"
PANTALONNEGRO13599782_masked.jpg,Pantalones,"[[226, 221, 222], [189, 177, 174], [75, 66, 64], [137, 120, 114]]"
PANTALONNEGRO14015780_masked.jpg,Pantalones,"[[52, 53, 57], [232, 233, 235], [95, 95, 98], [150, 151, 153]]"
PANTALONNEGRO14015781_masked.jpg,Pantalones,"[[51, 51, 56], [231, 232, 235], [82, 82, 86], [140, 141, 143]]"
PANTALONNEGRO14015782_masked.jpg,Pantalones,"[[51, 51, 56], [231, 232, 235], [82, 82, 86], [140, 141, 143]]"
PANTALONNEGRO14015787_masked.jpg,Pantalones,"[[51, 51, 56], [231, 232, 235], [82, 82, 86], [140, 141, 143]]"
PANTALONNEGRO14568510_masked.jpg,Pantalones,"[[68, 56, 53], [178, 150, 133], [129, 96, 88], [220, 201, 190]]"
PANTALONNEGRO14699980_masked.jpg,Pantalones,"[[51, 49, 55], [83, 80, 87], [126, 124, 129], [218, 217, 221]]"
PANTALONNEGRO14740150_masked.jpg,Pantalones,"[[64, 55, 50], [228, 155, 108], [159, 105, 68], [239, 239, 238]]"
PANTALONNEGRO14795530_masked.jpg,Pantalones,"[[63, 58, 57], [114, 96, 91], [160, 137, 130], [209, 210, 214]]"
PANTALONNEGRO14795531_masked.jpg,Pantalones,"[[67, 56, 54], [109, 89, 81], [161, 131, 119], [214, 209, 210]]"
PANTALONNEGRO14798120_masked.jpg,Pantalones,"[[80, 73, 59], [125, 119, 107], [212, 157, 42], [219, 219, 219]]"
PANTALONNEGRO14798122_masked.jpg,Pantalones,"[[129, 113, 79], [65, 62, 56], [195, 153, 51], [219, 219, 218]]"
PANTALONNEGRO14943720_masked.jpg,Pantalones,"[[53, 53, 53], [62, 62, 62], [72, 72, 72], [134, 134, 134]]"
REEBOKTELINEARLOGOJOGGERNEGRO14982710_masked.jpg,Pantalones,"[[52, 52, 52], [63, 63, 63], [228, 228, 228], [157, 157, 157]]"
REEBOKTEWVNULPNTAZULMARINO14862920_masked.jpg,Pantalones,"[[31, 33, 54], [48, 50, 72], [39, 41, 63], [57, 59, 83]]"
UASPORTSTYLECOTTONGRAPHICJOGGERNEGRO14693560_masked.jpg,Pantalones,"[[46, 45, 53], [84, 84, 91], [228, 228, 233], [149, 149, 154]]"
ADIDASD2MCCOOLPOLONEGRO14467530_masked.jpg,Polos y playeras,"[[24, 28, 53], [27, 32, 59], [33, 40, 70], [187, 187, 193]]"
ADIDASJERSEYAWAYDEMEXICOBLANCO14968710_masked.jpg,Polos y playeras,"[[222, 221, 221], [196, 190, 192], [152, 145, 148], [104, 66, 75]]"
BLANCO14678950_masked.jpg,Polos y playeras,"[[230, 230, 231], [214, 212, 210], [196, 194, 191], [150, 139, 113]]"
BLANCO14682120_masked.jpg,Polos y playeras,"[[235, 235, 235], [220, 220, 220], [203, 203, 203], [85, 85, 85]]"
BLANCO14682121_masked.jpg,Polos y playeras,"[[235, 235, 235], [220, 220, 220], [203, 203, 203], [85, 85, 85]]"
BLANCO14682122_masked.jpg,Polos y playeras,"[[235, 235, 235], [220, 220, 220], [203, 203, 203], [85, 85, 85]]"
BLANCO14682123_masked.jpg,Polos y playeras,"[[235, 235, 235], [220, 220, 220], [203, 203, 203], [85, 85, 85]]"
NEGRO14678713_masked.jpg,Polos y playeras,"[[198, 197, 197], [147, 141, 141], [233, 232, 233], [70, 69, 69]]"
PLAYERAAMARILLO14966590_masked.jpg,Polos y playeras,"[[221, 171, 95], [186, 134, 90], [216, 169, 131], [103, 70, 46]]"
PLAYERAAZUL14014931_masked.jpg,Polos y playeras,"[[71, 109, 145], [52, 85, 121], [28, 53, 85], [120, 149, 178]]"
PLAYERAAZUL14014935_masked.jpg,Polos y playeras,"[[70, 108, 144], [51, 84, 120], [27, 52, 83], [118, 148, 176]]"
PLAYERAAZUL14014936_masked.jpg,Polos y playeras,"[[70, 108, 144], [51, 84, 120], [27, 52, 83], [118, 148, 177]]"
PLAYERAAZUL14014937_masked.jpg,Polos y playeras,"[[62, 99, 135], [34, 62, 95], [96, 130, 163], [188, 201, 216]]"
PLAYERAAZUL14791951_masked.jpg,Polos y playeras,"[[95, 82, 79], [48, 71, 137], [125, 109, 105], [177, 148, 132]]"
PLAYERAAZUL14796380_masked.jpg,Polos y playeras,"[[145, 114, 94], [38, 49, 106], [97, 72, 65], [221, 244, 83]]"
PLAYERAAZUL14798740_masked.jpg,Polos y playeras,"[[148, 140, 140], [115, 101, 99], [43, 53, 76], [182, 202, 219]]"
PLAYERAAZUL14798741_masked.jpg,Polos y playeras,"[[88, 82, 86], [43, 49, 65], [138, 120, 115], [181, 199, 216]]"
PLAYERAAZUL14902131_masked.jpg,Polos y playeras,"[[129, 107, 107], [213, 135, 44], [40, 59, 95], [187, 181, 182]]"
PLAYERAAZUL14966110_masked.jpg,Polos y playeras,"[[17, 138, 199], [44, 154, 209], [7, 115, 178], [12, 88, 138]]"
PLAYERABLANCO14690110_masked.jpg,Polos y playeras,"[[204, 204, 207], [176, 177, 180], [40, 46, 61], [122, 122, 126]]"
PLAYERABLANCO14792560_masked.jpg,Polos y playeras,"[[170, 140, 120], [204, 194, 187], [105, 82, 73], [240, 239, 241]]"
PLAYERABLANCO14798500_masked.jpg,Polos y playeras,"[[234, 232, 231], [200, 183, 166], [163, 137, 112], [95, 77, 64]]"
PLAYERABLANCO14798501_masked.jpg,Polos y playeras,"[[195, 176, 165], [156, 133, 103], [89, 83, 77], [226, 224, 223]]"
PLAYERABLANCO14799111_masked.jpg,Polos y playeras,"[[149, 120, 107], [235, 235, 236], [80, 76, 88], [193, 185, 181]]"
PLAYERAGRIS14699120_masked.jpg,Polos y playeras,"[[185, 182, 190], [170, 167, 174], [199, 196, 204], [76, 73, 80]]"
PLAYERAGRIS14699360_masked.jpg,Polos y playeras,"[[150, 150, 150], [131, 131, 131], [176, 176, 176], [93, 93, 93]]"
PLAYERAMULTICOLOR15006770_masked.jpg,Polos y playeras,"[[212, 208, 211], [193, 146, 136], [64, 73, 93], [173, 42, 50]]"
PLAYERAMULTICOLORFERRATO15006770_masked.jpg,Polos y playeras,"[[188, 148, 137], [204, 200, 203], [86, 69, 87], [238, 237, 238]]"
PLAYERANARANJAFERRATO15027940_masked.jpg,Polos y playeras,"[[176, 130, 108], [209, 164, 143], [26, 89, 122], [92, 71, 64]]"
PLAYERANEGRO14100990_masked.jpg,Polos y playeras,"[[46, 47, 51], [51, 51, 56], [122, 123, 127], [177, 178, 182]]"
PLAYERANEGRO14100992_masked.jpg,Polos y playeras,"[[46, 47, 51], [51, 51, 56], [122, 123, 127], [177, 178, 182]]"
PLAYERANEGRO14100993_masked.jpg,Polos y playeras,"[[46, 46, 51], [50, 51, 56], [68, 68, 71], [149, 150, 154]]"
PLAYERANEGRO14100994_masked.jpg,Polos y playeras,"[[46, 46, 51], [50, 51, 56], [68, 68, 71], [149, 150, 154]]"
PLAYERANEGRO14100995_masked.jpg,Polos y playeras,"[[46, 47, 51], [50, 51, 56], [76, 76, 79], [151, 152, 156]]"
PLAYERANEGRO14698990_masked.jpg,Polos y playeras,"[[51, 49, 55], [82, 80, 86], [247, 246, 247], [139, 138, 141]]"
PLAYERANEGRO14739710_masked.jpg,Polos y playeras,"[[223, 181, 162], [67, 60, 62], [162, 122, 108], [189, 19, 54]]"
PLAYERANEGRO14792320_masked.jpg,Polos y playeras,"[[149, 122, 106], [78, 68, 67], [186, 164, 149], [233, 232, 232]]"
PLAYERANEGRO14794300_masked.jpg,Polos y playeras,"[[138, 107, 89], [67, 53, 46], [40, 52, 84], [199, 160, 126]]"
PLAYERANEGRO14795770_masked.jpg,Polos y playeras,"[[72, 60, 55], [115, 92, 81], [174, 138, 122], [235, 233, 233]]"
PLAYERANEGRO14966970_masked.jpg,Polos y playeras,"[[55, 55, 55], [70, 70, 70], [93, 93, 93], [163, 163, 163]]"
PLAYERANEGRO15009740_masked.jpg,Polos y playeras,"[[193, 147, 124], [225, 199, 188], [85, 66, 64], [208, 33, 62]]"
PLAYERAROJO14878170_masked.jpg,Polos y playeras,"[[221, 63, 69], [210, 56, 62], [220, 78, 85], [246, 220, 223]]"
PLAYERAVERDE14718921_masked.jpg,Polos y playeras,"[[52, 58, 53], [80, 81, 70], [134, 118, 103], [209, 180, 164]]"
PUMACHIVASHOMESHIRTREPLICA1819ROJO13966521_masked.jpg,Polos y playeras,"[[219, 214, 224], [186, 134, 147], [175, 5, 28], [111, 77, 90]]"
PUMAESSPIQUEPOLONEGRO14328552_masked.jpg,Polos y playeras,"[[58, 58, 58], [219, 219, 219], [168, 168, 168], [112, 112, 112]]"
PUMAESSPIQUEPOLONEGRO14328553_masked.jpg,Polos y playeras,"[[59, 59, 59], [189, 189, 189], [228, 228, 228], [140, 140, 140]]"
PUMAESSPIQUEPOLONEGRO14328555_masked.jpg,Polos y playeras,"[[58, 58, 58], [220, 220, 220], [171, 171, 171], [116, 116, 116]]"
PUMAITEVOTRGGRAPHICTEENARANJA13053191_masked.jpg,Polos y playeras,"[[242, 105, 25], [246, 116, 47], [199, 87, 39], [107, 38, 31]]"
ROJO14678570_masked.jpg,Polos y playeras,"[[195, 8, 41], [201, 58, 83], [206, 131, 145], [223, 210, 213]]"
ROJO14678571_masked.jpg,Polos y playeras,"[[195, 7, 41], [201, 57, 82], [205, 130, 143], [223, 209, 212]]"
ADIDASARGECYROJO26715430.jpg,ZapatoDeportivo,"[[254, 254, 254], [75, 50, 53], [227, 227, 232], [144, 99, 100]]"
ADIDASARGECYROJO26715431.jpg,ZapatoDeportivo,"[[254, 254, 254], [75, 50, 53], [227, 227, 232], [144, 99, 100]]"
ADIDASARGECYROJO26715432.jpg,ZapatoDeportivo,"[[254, 254, 254], [75, 50, 53], [227, 227, 232], [143, 97, 99]]"
ADIDASARGECYROJO26715433.jpg,ZapatoDeportivo,"[[254, 254, 254], [75, 50, 53], [227, 227, 232], [143, 97, 99]]"
ADIDASARGECYROJO26715434.jpg,ZapatoDeportivo,"[[254, 254, 254], [75, 50, 53], [227, 227, 232], [144, 99, 100]]"
ADIDASARGECYROJO26715435.jpg,ZapatoDeportivo,"[[254, 254, 254], [75, 50, 53], [227, 227, 232], [143, 98, 99]]"
ADIDASARGECYROJO26715436.jpg,ZapatoDeportivo,"[[254, 254, 254], [75, 50, 53], [227, 227, 232], [143, 97, 99]]"
ADIDASARGECYROJO26715437.jpg,ZapatoDeportivo,"[[254, 254, 254], [75, 50, 53], [227, 227, 232], [144, 99, 100]]"
ADIDASCOURTSMASHBLANCO27399460.jpg,ZapatoDeportivo,"[[254, 254, 254], [218, 218, 218], [176, 176, 176], [85, 85, 85]]"
ADIDASCRAZYTRAIN2CFMVERDE25546480.jpg,ZapatoDeportivo,"[[254, 254, 254], [71, 70, 63], [212, 213, 216], [125, 123, 117]]"
ADIDASCRAZYTRAIN2CFMVERDE25546481.jpg,ZapatoDeportivo,"[[254, 254, 254], [70, 69, 62], [212, 212, 216], [120, 118, 112]]"
ADIDASCRAZYTRAIN2CFMVERDE25546482.jpg,ZapatoDeportivo,"[[254, 254, 254], [70, 70, 63], [212, 213, 216], [124, 122, 116]]"
ADIDASDURAMO8TRAINERMAZUL25978290.jpg,ZapatoDeportivo,"[[254, 254, 254], [216, 215, 218], [108, 127, 157], [55, 73, 103]]"
ADIDASDURAMO8TRAINERMAZUL25978291.jpg,ZapatoDeportivo,"[[254, 254, 254], [216, 215, 218], [108, 127, 157], [55, 73, 103]]"
ADIDASDURAMO8TRAINERMAZUL25978292.jpg,ZapatoDeportivo,"[[254, 254, 254], [216, 215, 218], [108, 127, 157], [55, 73, 103]]"
ADIDASDURAMO9GRIS27106000.jpg,ZapatoDeportivo,"[[254, 254, 254], [150, 150, 154], [194, 195, 197], [109, 109, 111]]"
ADIDASDURAMO9GRIS27106001.jpg,ZapatoDeportivo,"[[254, 254, 254], [151, 150, 155], [195, 195, 198], [110, 109, 112]]"
ADIDASEDGEFLEXMGRIS27105250.jpg,ZapatoDeportivo,"[[254, 254, 254], [59, 57, 63], [200, 199, 196], [127, 126, 128]]"
ADIDASEDGEFLEXMGRIS27105251.jpg,ZapatoDeportivo,"[[254, 254, 254], [59, 57, 63], [200, 199, 196], [127, 126, 128]]"
ADIDASEDGEFLEXMGRIS27105252.jpg,ZapatoDeportivo,"[[254, 254, 254], [59, 57, 63], [200, 199, 196], [127, 126, 128]]"
ADIDASEDGEFLEXMGRIS27105253.jpg,ZapatoDeportivo,"[[254, 254, 254], [59, 57, 63], [200, 199, 196], [127, 126, 128]]"
ADIDASEDGEFLEXMGRIS27105254.jpg,ZapatoDeportivo,"[[254, 254, 254], [59, 57, 63], [200, 199, 196], [127, 126, 128]]"
ADIDASEDGEFLEXMGRIS27105255.jpg,ZapatoDeportivo,"[[254, 254, 254], [59, 57, 63], [200, 199, 196], [127, 126, 128]]"
ADIDASNEMEZIZ184TFBLANCO26872857.jpg,ZapatoDeportivo,"[[254, 254, 254], [230, 229, 234], [210, 206, 212], [231, 52, 138]]"
ADIDASNEMEZIZ185FXGBLANCO26872610.jpg,ZapatoDeportivo,"[[254, 254, 254], [224, 221, 224], [233, 60, 144], [199, 160, 180]]"
ADIDASNEMEZIZ185FXGBLANCO26872611.jpg,ZapatoDeportivo,"[[254, 254, 254], [224, 221, 224], [233, 60, 144], [199, 159, 180]]"
ADIDASNEMEZIZ185FXGBLANCO26872612.jpg,ZapatoDeportivo,"[[254, 254, 254], [224, 221, 224], [233, 60, 144], [198, 160, 180]]"
ADIDASNEMEZIZ185FXGBLANCO26872613.jpg,ZapatoDeportivo,"[[254, 254, 254], [224, 221, 224], [233, 61, 145], [198, 161, 180]]"
ADIDASNEMEZIZ185FXGBLANCO26872614.jpg,ZapatoDeportivo,"[[254, 254, 254], [224, 221, 224], [233, 61, 145], [198, 161, 180]]"
ADIDASNEMEZIZ185FXGBLANCO26872615.jpg,ZapatoDeportivo,"[[254, 254, 254], [224, 221, 224], [233, 60, 144], [199, 160, 180]]"
ADIDASNEMEZIZ185FXGBLANCO26872616.jpg,ZapatoDeportivo,"[[254, 254, 254], [224, 221, 224], [233, 60, 144], [199, 160, 180]]"
ADIDASNEMEZIZ185FXGBLANCO26872617.jpg,ZapatoDeportivo,"[[254, 254, 254], [224, 221, 224], [233, 60, 144], [198, 160, 180]]"
ADIDASNEMEZIZ194FXGGRIS27360440.jpg,ZapatoDeportivo,"[[254, 254, 254], [182, 180, 181], [119, 118, 118], [243, 113, 71]]"
ADIDASNEMEZIZ194FXGNEGRO27104880.jpg,ZapatoDeportivo,"[[254, 254, 254], [183, 59, 119], [100, 30, 62], [223, 112, 167]]"
ADIDASNEMEZIZ194TFGRIS27360820.jpg,ZapatoDeportivo,"[[254, 254, 254], [184, 183, 183], [67, 67, 67], [243, 115, 75]]"
ADIDASNEMEZIZ194TFNEGRO27104400.jpg,ZapatoDeportivo,"[[254, 254, 254], [194, 68, 126], [106, 33, 67], [202, 188, 195]]"
ADIDASNEMEZIZ194TFNEGRO27104401.jpg,ZapatoDeportivo,"[[254, 254, 254], [195, 68, 126], [107, 33, 67], [202, 189, 195]]"
ADIDASNOVAFLOWROJO27540000.jpg,ZapatoDeportivo,"[[254, 253, 253], [182, 53, 55], [193, 148, 146], [89, 58, 57]]"
ADIDASPREDATOR194FXGBLANCO26873080.jpg,ZapatoDeportivo,"[[254, 254, 254], [224, 222, 227], [43, 63, 126], [132, 141, 174]]"
ADIDASPREDATOR194FXGBLANCO26873081.jpg,ZapatoDeportivo,"[[254, 254, 254], [224, 222, 227], [43, 63, 126], [132, 141, 174]]"
ADIDASPREDATOR194FXGBLANCO26873082.jpg,ZapatoDeportivo,"[[254, 254, 254], [224, 222, 227], [43, 63, 126], [132, 141, 174]]"
ADIDASPREDATOR194FXGBLANCO26873083.jpg,ZapatoDeportivo,"[[254, 254, 254], [224, 222, 227], [43, 63, 125], [131, 141, 174]]"
ADIDASPREDATOR194FXGBLANCO26873084.jpg,ZapatoDeportivo,"[[254, 254, 254], [224, 222, 227], [43, 63, 126], [132, 141, 174]]"
ADIDASPREDATOR194FXGBLANCO26873085.jpg,ZapatoDeportivo,"[[254, 254, 254], [224, 222, 227], [43, 63, 125], [131, 141, 174]]"
ADIDASPREDATOR194FXGBLANCO26873086.jpg,ZapatoDeportivo,"[[254, 254, 254], [224, 222, 227], [43, 63, 125], [131, 141, 174]]"
ADIDASPREDATOR194FXGBLANCO26873087.jpg,ZapatoDeportivo,"[[254, 254, 254], [224, 222, 227], [43, 63, 125], [131, 141, 174]]"
ADIDASPREDATOR194FXGVERDE27360200.jpg,ZapatoDeportivo,"[[254, 254, 254], [96, 97, 85], [130, 129, 120], [207, 203, 187]]"
ADIDASPREDATOR194TFBLANCO26873220.jpg,ZapatoDeportivo,"[[254, 254, 254], [220, 219, 224], [32, 51, 114], [129, 135, 167]]"
ADIDASPREDATOR194TFBLANCO26873221.jpg,ZapatoDeportivo,"[[254, 254, 254], [220, 219, 224], [32, 51, 114], [129, 135, 167]]"
ADIDASPREDATOR194TFBLANCO26873222.jpg,ZapatoDeportivo,"[[254, 254, 254], [220, 219, 224], [32, 51, 114], [129, 135, 167]]"
ADIDASPREDATOR194TFBLANCO26873223.jpg,ZapatoDeportivo,"[[254, 254, 254], [220, 219, 224], [32, 51, 114], [129, 135, 167]]"
ADIDASPREDATOR194TFBLANCO26873224.jpg,ZapatoDeportivo,"[[254, 254, 254], [220, 219, 224], [32, 51, 114], [129, 135, 167]]"
ADIDASPREDATOR194TFBLANCO26873225.jpg,ZapatoDeportivo,"[[254, 254, 254], [220, 219, 224], [32, 51, 114], [130, 136, 167]]"
ADIDASPREDATOR194TFBLANCO26873226.jpg,ZapatoDeportivo,"[[254, 254, 254], [220, 219, 224], [32, 51, 114], [129, 135, 167]]"
ADIDASPREDATOR194TFBLANCO26873227.jpg,ZapatoDeportivo,"[[254, 254, 254], [220, 219, 224], [32, 51, 114], [129, 135, 167]]"
ADIDASPREDATOR194TFVERDE27360060.jpg,ZapatoDeportivo,"[[254, 254, 254], [111, 111, 100], [78, 78, 73], [207, 204, 188]]"
ADIDASPREDATOR204FXGNEGRO27540620.jpg,ZapatoDeportivo,"[[254, 254, 254], [63, 50, 53], [161, 44, 48], [156, 153, 154]]"
ADIDASQUADCUBEGRIS27540240.jpg,ZapatoDeportivo,"[[254, 254, 254], [75, 79, 72], [157, 158, 158], [121, 125, 120]]"
ADIDASROCKADIATRAILNEGRO26716800.jpg,ZapatoDeportivo,"[[254, 254, 254], [53, 50, 63], [92, 89, 99], [160, 158, 164]]"
ADIDASROCKADIATRAILNEGRO26716801.jpg,ZapatoDeportivo,"[[254, 254, 254], [60, 58, 66], [97, 94, 102], [163, 161, 167]]"
ADIDASROCKADIATRAILNEGRO26716802.jpg,ZapatoDeportivo,"[[254, 254, 254], [60, 58, 66], [97, 94, 102], [163, 161, 167]]"
ADIDASROCKADIATRAILNEGRO26716803.jpg,ZapatoDeportivo,"[[254, 254, 254], [59, 57, 66], [95, 92, 101], [162, 160, 166]]"
ADIDASROCKADIATRAILNEGRO26716804.jpg,ZapatoDeportivo,"[[254, 254, 254], [60, 58, 66], [97, 94, 102], [163, 161, 167]]"
ADIDASROCKADIATRAILNEGRO26716805.jpg,ZapatoDeportivo,"[[254, 254, 254], [60, 58, 66], [97, 94, 102], [163, 161, 167]]"
ADIDASROCKADIATRAILNEGRO26716806.jpg,ZapatoDeportivo,"[[254, 254, 254], [60, 58, 66], [97, 94, 102], [163, 161, 167]]"
ADIDASROCKADIATRAILNEGRO26716807.jpg,ZapatoDeportivo,"[[254, 254, 254], [59, 57, 66], [95, 92, 101], [162, 160, 166]]"
ADIDASSOLARDRIVEMNEGRO26509440.jpg,ZapatoDeportivo,"[[254, 254, 254], [63, 61, 65], [205, 204, 206], [128, 126, 131]]"
ADIDASSOLARDRIVEMNEGRO26509441.jpg,ZapatoDeportivo,"[[254, 254, 254], [63, 62, 66], [206, 206, 208], [130, 128, 132]]"
ADIDASSOLARDRIVEMNEGRO26509442.jpg,ZapatoDeportivo,"[[254, 254, 254], [63, 61, 65], [205, 204, 206], [128, 126, 131]]"
ADIDASSOLARDRIVEMNEGRO26509443.jpg,ZapatoDeportivo,"[[254, 254, 254], [63, 61, 66], [206, 205, 207], [129, 127, 132]]"
ADIDASSOLARDRIVEMNEGRO26509444.jpg,ZapatoDeportivo,"[[254, 254, 254], [63, 61, 66], [206, 205, 207], [129, 127, 132]]"
ADIDASSOLARDRIVEMNEGRO26509445.jpg,ZapatoDeportivo,"[[254, 254, 254], [63, 61, 66], [206, 205, 207], [129, 127, 132]]"
ADIDASSOLARDRIVEMNEGRO26509446.jpg,ZapatoDeportivo,"[[254, 254, 254], [63, 61, 66], [206, 205, 207], [129, 127, 132]]"
ADIDASSOLARDRIVEMNEGRO26509447.jpg,ZapatoDeportivo,"[[254, 254, 254], [63, 61, 66], [206, 205, 207], [129, 127, 132]]"
ADIDASSOLARDRIVEMNEGRO26711850.jpg,ZapatoDeportivo,"[[254, 254, 254], [57, 61, 73], [213, 213, 216], [128, 133, 144]]"
ADIDASSOLARDRIVEMNEGRO26711851.jpg,ZapatoDeportivo,"[[254, 254, 254], [57, 61, 73], [213, 213, 216], [128, 133, 144]]"
ADIDASSOLARDRIVEMNEGRO26711852.jpg,ZapatoDeportivo,"[[254, 254, 254], [57, 62, 73], [214, 214, 217], [130, 135, 145]]"
ADIDASSOLARDRIVEMNEGRO26711853.jpg,ZapatoDeportivo,"[[254, 254, 254], [57, 62, 73], [214, 214, 217], [130, 135, 145]]"
ADIDASSOLARDRIVEMNEGRO26711854.jpg,ZapatoDeportivo,"[[254, 254, 254], [57, 61, 73], [213, 213, 216], [128, 134, 144]]"
ADIDASSOLARDRIVEMNEGRO26711855.jpg,ZapatoDeportivo,"[[254, 254, 254], [57, 61, 73], [213, 213, 216], [128, 133, 144]]"
ADIDASSOLARDRIVEMNEGRO26711856.jpg,ZapatoDeportivo,"[[254, 254, 254], [57, 61, 73], [213, 213, 216], [128, 133, 144]]"
ADIDASSOLARDRIVEMNEGRO26711857.jpg,ZapatoDeportivo,"[[254, 254, 254], [57, 62, 73], [214, 214, 217], [130, 135, 145]]"
ADIDASSOLARLTTRAINERMGRIS26877420.jpg,ZapatoDeportivo,"[[254, 254, 254], [69, 71, 75], [123, 125, 130], [190, 193, 198]]"
ADIDASSOLARLTTRAINERMGRIS26877421.jpg,ZapatoDeportivo,"[[254, 254, 254], [69, 71, 75], [123, 125, 130], [190, 193, 198]]"
ADIDASSOLARLTTRAINERMGRIS26877422.jpg,ZapatoDeportivo,"[[254, 254, 254], [69, 71, 75], [123, 125, 130], [191, 194, 199]]"
ADIDASSOLARLTTRAINERMGRIS26877423.jpg,ZapatoDeportivo,"[[254, 254, 254], [69, 71, 75], [123, 125, 130], [191, 194, 199]]"
ADIDASSOLARLTTRAINERMGRIS26877424.jpg,ZapatoDeportivo,"[[254, 254, 254], [69, 71, 75], [123, 125, 130], [190, 193, 198]]"
ADIDASSOLARLTTRAINERMGRIS26877425.jpg,ZapatoDeportivo,"[[254, 254, 254], [69, 71, 76], [123, 125, 131], [191, 195, 199]]"
ADIDASSOLARLTTRAINERMGRIS26877426.jpg,ZapatoDeportivo,"[[254, 254, 254], [69, 71, 76], [123, 125, 131], [191, 195, 199]]"
ADIDASSOLARLTTRAINERMGRIS26877427.jpg,ZapatoDeportivo,"[[254, 254, 254], [69, 71, 75], [123, 125, 130], [190, 193, 198]]"
DEPORTIVOAZUL26677440.jpg,ZapatoDeportivo,"[[254, 254, 254], [213, 213, 221], [43, 67, 113], [58, 82, 135]]"
DEPORTIVOAZUL26867830.jpg,ZapatoDeportivo,"[[254, 254, 254], [58, 72, 121], [214, 214, 215], [130, 134, 154]]"
DEPORTIVOAZUL26868820.jpg,ZapatoDeportivo,"[[254, 254, 254], [44, 88, 168], [160, 154, 160], [65, 70, 89]]"
DEPORTIVOAZUL27242010.jpg,ZapatoDeportivo,"[[253, 253, 253], [49, 50, 65], [113, 101, 108], [210, 204, 208]]"
DEPORTIVOAZUL27242011.jpg,ZapatoDeportivo,"[[254, 254, 254], [55, 59, 70], [216, 216, 222], [134, 122, 119]]"
DEPORTIVOAZUL27242012.jpg,ZapatoDeportivo,"[[254, 254, 254], [52, 56, 68], [111, 113, 122], [203, 202, 206]]"
DEPORTIVOAZUL27242013.jpg,ZapatoDeportivo,"[[254, 254, 254], [53, 56, 67], [218, 219, 226], [114, 114, 120]]"
DEPORTIVOAZUL27242014.jpg,ZapatoDeportivo,"[[254, 254, 254], [58, 57, 64], [115, 116, 123], [216, 137, 55]]"
DEPORTIVOBLANCO27092840.jpg,ZapatoDeportivo,"[[254, 254, 254], [214, 214, 217], [117, 140, 178], [215, 90, 96]]"
DEPORTIVONARANJA26863490.jpg,ZapatoDeportivo,"[[254, 254, 254], [217, 200, 199], [230, 122, 76], [78, 70, 75]]"
DEPORTIVONEGRO26869290.jpg,ZapatoDeportivo,"[[254, 254, 254], [55, 54, 62], [213, 213, 215], [62, 89, 142]]"
DEPORTIVONEGRO27078840.jpg,ZapatoDeportivo,"[[254, 254, 254], [158, 185, 79], [199, 221, 120], [67, 69, 61]]"
DEPORTIVONEGRO27085080.jpg,ZapatoDeportivo,"[[254, 254, 254], [74, 72, 73], [128, 124, 127], [207, 207, 207]]"
DEPORTIVONEGRO27243480.jpg,ZapatoDeportivo,"[[254, 254, 254], [61, 61, 61], [196, 200, 209], [127, 128, 133]]"
DEPORTIVONEGRO27243481.jpg,ZapatoDeportivo,"[[254, 254, 254], [57, 56, 59], [149, 154, 166], [104, 109, 123]]"
DEPORTIVONEGRO27243482.jpg,ZapatoDeportivo,"[[250, 196, 77], [190, 170, 160], [25, 35, 90], [117, 99, 80]]"
DEPORTIVONEGRO27243483.jpg,ZapatoDeportivo,"[[254, 254, 254], [62, 60, 63], [107, 107, 114], [179, 179, 180]]"
DEPORTIVONEGRO27243484.jpg,ZapatoDeportivo,"[[254, 254, 254], [108, 113, 126], [152, 155, 166], [60, 59, 63]]"
DEPORTIVONEGRO27243485.jpg,ZapatoDeportivo,"[[254, 254, 254], [61, 59, 60], [166, 171, 182], [120, 126, 136]]"
DEPORTIVONEGRO27347810.jpg,ZapatoDeportivo,"[[254, 254, 254], [58, 59, 63], [98, 104, 109], [181, 181, 177]]"
DEPORTIVONEGRO27347811.jpg,ZapatoDeportivo,"[[254, 254, 254], [59, 60, 65], [114, 116, 119], [214, 212, 209]]"
DEPORTIVONEGRO27347812.jpg,ZapatoDeportivo,"[[9, 152, 189], [32, 55, 86], [221, 195, 127], [160, 113, 93]]"
DEPORTIVONEGRO27347813.jpg,ZapatoDeportivo,"[[254, 254, 254], [55, 59, 62], [86, 89, 88], [166, 168, 154]]"
DEPORTIVONEGRO27347814.jpg,ZapatoDeportivo,"[[254, 254, 254], [58, 60, 64], [219, 215, 213], [104, 110, 117]]"
DEPORTIVONEGRO27347815.jpg,ZapatoDeportivo,"[[254, 254, 254], [63, 62, 63], [157, 156, 155], [165, 163, 23]]"
DEPORTIVONEGRO27372630.jpg,ZapatoDeportivo,"[[254, 254, 254], [230, 230, 230], [74, 74, 74], [156, 156, 156]]"
DEPORTIVONEGRO27373620.jpg,ZapatoDeportivo,"[[254, 254, 254], [209, 207, 212], [106, 102, 104], [172, 12, 60]]"
DEPORTIVONEGRO27560660.jpg,ZapatoDeportivo,"[[254, 254, 254], [61, 61, 61], [97, 97, 98], [174, 174, 174]]"
DEPORTIVONEGRO27562260.jpg,ZapatoDeportivo,"[[254, 254, 254], [200, 195, 184], [95, 61, 63], [10, 86, 160]]"
DEPORTIVONEGRO27569050.jpg,ZapatoDeportivo,"[[254, 254, 254], [56, 56, 59], [90, 91, 95], [193, 193, 193]]"
DEPORTIVONEGRO27569051.jpg,ZapatoDeportivo,"[[254, 254, 254], [57, 56, 59], [104, 104, 109], [192, 191, 191]]"
DEPORTIVONEGRO27569052.jpg,ZapatoDeportivo,"[[254, 254, 254], [64, 64, 66], [103, 104, 108], [186, 186, 186]]"
DEPORTIVONEGRO27569053.jpg,ZapatoDeportivo,"[[254, 254, 254], [57, 56, 59], [104, 105, 108], [198, 197, 197]]"
DEPORTIVONEGRO27569054.jpg,ZapatoDeportivo,"[[254, 254, 254], [59, 58, 59], [109, 109, 109], [177, 177, 176]]"
PUMAELECTRONSTREETENGMESHAZULMARINO27547270.jpg,ZapatoDeportivo,"[[254, 254, 254], [56, 56, 66], [186, 185, 186], [129, 90, 97]]"
PUMANRGYASTEROIDNEGRO27318650.jpg,ZapatoDeportivo,"[[254, 254, 254], [217, 217, 217], [71, 74, 74], [167, 168, 168]]"
PUMASPIRITIITTROJO27121470.jpg,ZapatoDeportivo,"[[254, 254, 254], [82, 64, 64], [195, 63, 60], [180, 174, 174]]"
PUMASPIRITIITTROJO27121471.jpg,ZapatoDeportivo,"[[254, 254, 254], [82, 64, 64], [195, 63, 60], [180, 174, 174]]"
REEBOKFLEXAGONENERGYTR20NEGRO27551820.jpg,ZapatoDeportivo,"[[254, 254, 254], [236, 236, 236], [65, 65, 65], [162, 162, 163]]"
